,mae,mse,rmse,mape,mase
naive_forecast_results,858.9994,1631689.2,1277.376,2.41947078704834%,0.9988589
ensemble_results_2,918.7802,1788472.4,1337.3378,2.618018627166748%,1.0695935
