,mae,mse,rmse,mape,mase
naive_forecast_results,951.94794,2021966.0,1421.9585,2.5654945373535156%,0.99974763
ensemble_results,950.30084,2013928.4,1419.1294,2.557239532470703%,0.99826974
